Salesperson_ID,Salesperson_Name,Department,Region
S001,Rahul Yadav,Sales,West
S002,Kavita Kumar,Enterprise Sales,East
S003,Amit Yadav,Enterprise Sales,East
S004,Arjun Verma,Enterprise Sales,North
S005,Vikas Verma,Business Development,East
S006,Kavita Yadav,Retail Sales,North
S007,Kavita Sharma,Retail Sales,West
S008,Priya Joshi,Enterprise Sales,South
S009,Kavita Jain,Enterprise Sales,South
S010,Arjun Sharma,Sales,South
S011,Amit Agarwal,Sales,West
S012,Pooja Gupta,Business Development,North
S013,Priya Gupta,Sales,South
S014,Amit Joshi,Retail Sales,North
S015,Pooja Jain,Retail Sales,West
S016,Vikas Sharma,Business Development,North
S017,Priya Singh,Retail Sales,East
S018,Priya Joshi,Retail Sales,East
S019,Pooja Mehta,Retail Sales,East
S020,Kavita Joshi,Business Development,South
S021,Anjali Gupta,Sales,North
S022,Neha Singh,Retail Sales,East
S023,Neha Yadav,Enterprise Sales,North
S024,Neha Joshi,Enterprise Sales,South
S025,Arjun Joshi,Enterprise Sales,South
S026,Arjun Kumar,Business Development,South
S027,Anjali Agarwal,Enterprise Sales,West
S028,Arjun Mehta,Sales,West
S029,Rohan Gupta,Business Development,West
S030,Pooja Joshi,Business Development,North
